variant_id,price1_id,price1_amount,price2_id,price2_amount
4402,4671,64.80,4672,64.80
4403,4673,17.50,4674,21.00
4404,4675,1.80,4676,1.80
4405,4677,0.00,4678,0.00
4406,4679,4.00,4681,4.00
4407,4682,0.00,4683,0.00
4408,4684,4.50,4685,3.90
4409,4686,9.45,4687,9.45
4410,4688,1.00,4689,1.00
4411,4690,4.90,4691,4.90
4412,4692,750.00,4693,750.00
4413,4694,3.80,4695,3.80
4414,4696,21.00,4697,21.00
4415,4698,25.50,4699,25.50
4416,4700,12.00,4701,21.90
4417,4702,6.00,4703,6.00
4418,4704,6.00,4705,6.00
4419,4706,2.52,4707,2.52
4420,4708,2.75,4709,2.75
4421,4710,6.00,4711,6.00
4422,4712,17.95,4713,17.95
4423,4714,4.95,4715,4.95
4424,4716,19.00,4717,19.00
4425,4718,19.60,4719,22.00
4426,4720,9.95,4721,9.95
4427,4722,7.95,4723,7.95
4428,4724,11.00,4725,11.00
4429,4726,2.50,4727,2.75
4430,4728,11.20,4729,11.20
4431,4730,9.00,4731,9.00
4432,4732,11.00,4733,13.00
4433,4734,4.40,4735,4.40
4434,4736,70.00,4737,70.00
4435,4738,14.00,4739,14.00
4436,4740,1.85,4741,2.95
4437,4742,45.00,4743,45.00
4438,4744,39.50,4745,39.50
4439,4746,15.00,4747,15.00
4440,4748,17.35,4749,31.50
4441,4750,3.70,4751,4.50
4442,4752,131.50,4753,131.50
4443,4754,3.50,4755,3.50
4444,4756,8.00,4757,8.00
4445,4758,1.60,4759,1.60
4446,4760,2.80,4761,2.80
4447,4762,28.00,4763,20.00
4448,4764,3.50,4765,4.80
4449,4766,2.50,4767,2.50
4450,4768,0.00,4769,0.00
4451,4770,4.98,4771,4.98
4452,4772,7.50,4773,7.50
4453,4774,2.70,4775,2.70
4454,4776,5.90,4777,4.60
4455,4778,5.00,4779,5.00
4456,4780,50.00,4781,50.00
4457,4782,9.75,4783,10.50
4458,4784,13.50,4785,13.50
4459,4786,29.00,4787,29.00
4460,4788,46.50,4789,41.50
4461,4790,6.00,4791,6.00
4462,4792,8.00,4793,8.00
4463,4794,150.00,4795,150.00
4464,4796,5.00,4797,6.00
4465,4798,2.60,4799,2.60
4466,4800,4.60,4801,4.60
4467,4802,3.00,4803,3.00
4468,4804,12.00,4805,12.00
4469,4806,45.00,4807,45.00
4470,4808,11.60,4809,12.00
4471,4810,6.60,4811,6.60
4472,4812,25.00,4813,25.00
4473,4814,79.00,4815,79.00
4474,4816,25.00,4817,40.00
4475,4818,5.00,4820,5.00
4476,4821,19.00,4822,19.00
4477,4823,4.00,4824,4.00
4478,4825,15.00,4826,15.00
4479,4827,46.00,4828,46.00
4480,4829,3.60,4830,3.60
4481,4831,30.00,4832,20.00
4482,4833,12.00,4834,12.00
4483,4835,25.00,4836,25.00
4484,4837,62.00,4838,62.00
4485,4839,1.80,4840,1.80
4486,4841,2.40,4842,2.00
4487,4843,55.00,4844,55.00
4488,4845,87.50,4846,87.50
4489,4847,30.00,4848,30.00
4490,4849,17.50,4850,17.50
4491,4851,12.00,4852,23.16
4492,4853,7.50,4854,7.50
4493,4855,8.30,4856,8.30
4494,4857,8.00,4858,8.00
4495,4859,0.00,4860,1260.00
4496,4861,3.00,4862,3.00
4497,4863,37.95,4864,37.95
4498,4865,2.40,4866,2.00
4499,4867,20.00,4868,20.00
4500,4869,3.00,4870,3.00
4501,4871,31.00,4872,29.00
4502,4873,12.00,4874,12.00
4503,4875,156.00,4876,230.00
4504,4877,25.00,4878,25.00
4505,4879,58.50,4880,58.50
4506,4881,0.00,4883,0.00
4507,4884,17.00,4885,15.00
4508,4886,2.85,4887,3.00
4509,4888,350.00,4889,440.00
4510,4890,33.00,4892,33.00
4511,4893,6.35,4894,6.35
4512,4895,35.00,4896,35.00
4513,4897,40.50,4898,40.50
4514,4899,12.60,4900,12.60
4515,4901,2.95,4902,2.95
4516,4903,40.00,4904,50.00
4517,4905,164.30,4906,164.30
4518,4907,6.00,4908,6.00
4519,4909,8.30,4910,8.30
4520,4911,2.50,4912,2.50
4521,4913,0.00,4915,0.00
4522,4916,13.00,4917,13.00
4523,4918,2.50,4919,3.75
4524,4920,11.00,4921,12.00
4525,4922,10.25,4923,10.25
4526,4924,3.25,4925,3.25
4527,4926,1.00,4928,1.00
4528,4929,7.15,4930,7.15
4529,4931,4.50,4932,4.50
4530,4933,82.00,4934,82.00
4531,4935,3.00,4936,3.00
4532,4937,4.55,4938,4.55
4533,4939,360.00,4940,360.00
4534,4941,6.00,4942,6.00
4535,4943,71.00,4944,71.00
4536,4945,5.20,4946,5.20
4537,4947,3.50,4948,3.50
4538,4949,35.00,4950,35.00
4539,4951,0.00,4952,0.00
4540,4953,25.00,4954,25.00
4541,4955,4.00,4956,4.95
4542,4957,40.00,4958,40.00
4543,4959,3.00,4960,3.00
4544,4961,1.00,4963,1.00
4545,4964,40.00,4965,43.00
4546,4966,6.90,4967,6.90
4547,4968,26.10,4969,26.10
4548,4970,62.00,4971,49.00
4549,4972,2.40,4973,2.20
4550,4974,50.00,4975,50.00
4551,4976,180.00,4977,235.00
4552,4978,3.50,4979,3.50
4553,4980,14.70,4981,14.70
4554,4982,8.50,4983,8.50
4555,4984,400.00,4985,400.00
4556,4986,0.88,4987,0.88
4557,4988,385.00,4989,520.00
4558,4990,3.70,4991,4.00
4559,4992,8.00,4993,8.00
4560,4994,10.00,4995,10.00
4561,4996,6.00,4997,6.00
4562,4998,5.60,4999,5.60
4563,5000,9.75,5001,31.50
4564,5002,25.00,5003,34.60
4565,5004,2.00,5005,2.00
4566,5006,3.25,5007,3.25
4567,5008,2.00,5009,2.00
4568,5010,1.80,5011,1.80
4569,5012,19.00,5013,19.00
4570,5014,72.50,5015,72.50
4571,5016,21.20,5017,23.95
4572,5018,1.00,5019,1.00
4573,5020,440.00,5021,440.00
4574,5022,6.00,5023,6.00
4575,5024,75.00,5025,75.00
4576,5026,105.00,5027,105.00
4577,5028,55.00,5029,55.00
4578,5030,6.00,5031,6.00
4579,5032,0.00,5034,0.00
4580,5035,64.00,5036,64.00
4581,5037,19.60,5038,19.60
4582,5039,6.80,5040,8.10
4583,5041,7.10,5042,7.10
4584,5043,6.30,5044,8.50
4585,5045,11.20,5046,11.20
4586,5047,70.00,5048,70.00
4587,5049,26.00,5050,27.00
4588,5051,71.00,5052,71.00
4589,5053,37.00,5054,37.00
4590,5055,6.00,5056,6.00
4591,5057,8.00,5058,8.00
4592,5059,4.00,5060,4.70
4593,5061,1.80,5062,1.80
4594,5063,2.50,5064,5.20
4595,5065,12.50,5066,12.50
4596,5067,1.90,5068,1.90
4597,5069,45.00,5070,44.50
4598,5071,6.00,5072,6.00
4599,5073,8.30,5074,14.30
4600,5075,1490.00,5076,1490.00
4601,5077,54.00,5078,54.00
4602,5079,23.10,5080,15.00
4603,5081,4.40,5082,4.40
4604,5083,6.50,5084,17.25
4605,5085,0.70,5086,0.70
4606,5087,1.85,5088,1.85
4607,5089,3.05,5090,3.05
4608,5091,120.00,5092,120.00
4609,5093,1.80,5094,2.60
4610,5095,12.60,5096,12.60
4611,5097,7.90,5098,8.95
4612,5099,0.00,5100,0.00
4613,5101,9.00,5102,18.00
4614,5103,4.60,5104,4.60
4615,5105,4.00,5106,4.00
4616,5107,36.45,5108,36.50
4617,5109,60.00,5110,50.00
4618,5111,8.00,5112,8.00
4619,5113,25.00,5114,25.00
4620,5115,0.00,5117,0.00
4621,5118,44.16,5119,44.16
4622,5120,8.10,5121,15.60
4623,5122,1.30,5123,1.30
4624,5124,4.50,5125,4.50
4625,5126,4.70,5127,4.70
4626,5128,4.50,5129,4.50
4627,5130,14.00,5131,14.00
4628,5132,4.90,5133,4.90
4629,5134,2.00,5135,2.00
4630,5136,27.95,5137,27.95
4631,5138,1.80,5139,1.80
4632,5140,139.00,5141,139.00
4633,5142,21.00,5143,26.00
4634,5144,28.50,5145,28.50
4635,5146,11.00,5147,11.00
4636,5148,9.70,5149,2.30
4637,5150,7.35,5151,7.35
4638,5152,15.00,5153,15.00
4639,5154,2.60,5155,2.60
4640,5156,4.95,5157,4.95
4641,5158,25.80,5159,25.80
4642,5160,10.50,5161,16.00
4643,5162,1.80,5163,2.90
4644,5164,25.00,5165,40.00
4645,5166,3.30,5167,3.30
4646,5168,4.90,5169,4.90
4647,5170,82.00,5171,82.00
4648,5172,6.50,5173,39.00
4649,5174,63.00,5175,63.00
4650,5176,4.00,5177,4.00
4651,5178,15.00,5179,15.00
4652,5180,7.50,5181,6.50
4653,5182,25.00,5183,25.00
4654,5184,3.50,5185,2.81
4655,5186,30.50,5187,32.00
4656,5188,4.50,5189,4.50
4657,5190,10.00,5191,10.00
4658,5192,1.50,5193,1.50
4659,5194,15.00,5195,15.00
4660,5196,40.00,5197,40.00
4661,5198,3.00,5199,3.40
4662,5200,4.00,5202,4.00
4663,5203,40.00,5204,42.00
4664,5205,30.00,5206,30.00
4665,5207,7.25,5208,8.15
4666,5209,7.90,5210,7.90
4667,5211,3.00,5212,460.00
4668,5213,3.70,5214,3.70
4669,5215,3.00,5216,3.00
4670,5217,11.00,5218,11.00
4671,5219,4.50,5220,4.50
4672,5221,4.50,5222,4.50
4673,5223,1.80,5224,2.20
4674,5225,36.50,5226,36.00
4675,5227,3.80,5228,3.80
4676,5229,7.30,5230,7.30
4677,5231,94.00,5232,94.00
4678,5233,4.40,5234,4.60
4679,5235,2.50,5236,2.50
4680,5237,27.50,5238,27.50
4681,5239,96.00,5240,96.00
4682,5241,5.90,5242,5.90
4683,5243,2.00,5244,2.00
4684,5245,0.00,5246,0.00
4685,5247,0.00,5248,0.00
4686,5249,3.95,5250,3.95
4687,5251,4.25,5252,4.25
4688,5253,30.00,5254,30.00
4689,5255,35.00,5256,35.00
4690,5257,2484.00,5258,2484.00
4691,5259,16.20,5260,16.20
4692,5261,11.00,5262,11.00
4693,5263,1.65,5264,1.65
4694,5265,5.50,5266,4.80
4695,5267,32.00,5268,34.00
4696,5269,2.65,5270,3.30
4697,5271,800.00,5272,800.00
4698,5273,4.00,5274,4.00
4699,5275,1.80,5276,1.80
4700,5277,30.70,5278,30.70
4701,5279,15.00,5280,15.00
4702,5281,3.65,5282,3.65
4703,5283,4.95,5284,4.95
4704,5285,13.50,5286,13.50
4705,5287,35.00,5288,35.00
4706,5289,12.00,5290,12.00
4707,5291,6.00,5292,6.00
4708,5293,120.00,5294,120.00
4709,5295,16.80,5296,4.45
4710,5297,4.50,5298,4.50
4711,5299,7.95,5300,7.95
4712,5301,15.00,5302,15.00
4713,5303,6.20,5304,6.20
4714,5305,3.00,5306,3.00
4715,5307,35.00,5308,35.00
4716,5309,7.50,5311,6.50
4717,5312,119.00,5313,119.00
4718,5314,22.00,5315,22.00
4719,5316,2.75,5317,2.75
4720,5318,3.20,5319,3.20
4721,5320,1.80,5321,1.80
4722,5322,95.00,5323,65.00
4723,5324,35.00,5325,20.75
4724,5326,0.00,5328,0.00
4725,5329,25.50,5330,25.00
4726,5331,1.30,5332,1.30
4727,5333,50.00,5334,50.00
4728,5335,3.15,5336,3.15
4729,5337,0.00,5338,0.00
4730,5339,7.00,5340,7.00
4731,5341,14.50,5342,14.50
4732,5343,0.00,5344,0.00
4733,5345,0.00,5346,0.00
4734,5347,2.95,5348,2.95
4735,5349,8.00,5350,8.00
4736,5351,22.00,5352,20.00
4737,5353,1.95,5354,1.95
4738,5355,2.10,5356,1.80
4739,5357,30.00,5358,30.00
4740,5359,1.00,5361,1.00
4741,5362,5.00,5363,5.00
4742,5364,85.00,5365,85.00
4743,5366,27.95,5367,27.95
4744,5368,6.00,5369,6.00
4745,5370,2.00,5371,2.00
4746,5372,3.00,5373,3.00
4747,5374,12.00,5375,12.00
4748,5376,1.00,5377,1.00
4749,5378,3.10,5379,19.25
4750,5380,15.50,5381,20.00
4751,5382,6.00,5383,6.00
4752,5384,8.50,5385,8.50
4753,5386,0.00,5388,0.00
4754,5389,14.75,5391,14.75
4755,5392,4.00,5393,4.00
4756,5394,9.00,5395,9.00
4757,5396,6.80,5397,7.50
4758,5398,1.00,5400,1.00
4759,5401,3.25,5402,3.25
4760,5403,2.00,5404,2.00
4761,5405,3.85,5406,3.85
4762,5407,0.00,5408,0.00
4763,5409,6.80,5410,6.80
4764,5411,120.00,5412,120.00
4765,5413,6.60,5414,8.10
4766,5415,6.75,5416,5.90
4767,5417,8.50,5418,8.50
4768,5419,1.80,5420,2.60
4769,5421,3.75,5422,3.75
4770,5423,1.00,5425,1.00
4771,5426,6.50,5427,6.50
4772,5428,7.70,5429,7.70
4773,5430,25.00,5431,25.00
4774,5432,4.00,5434,4.00
4775,5435,20.00,5436,20.00
4776,5437,2.90,5438,2.90
4777,5439,62.00,5440,63.00
4778,5441,18.00,5442,10.00
4779,5443,5.00,5444,5.00
4780,5445,4.50,5446,3.30
4781,5447,10.00,5449,10.00
4782,5450,2.25,5451,2.25
4783,5452,7.00,5453,7.00
4784,5454,35.00,5455,35.00
4785,5456,8.00,5457,10.00
4786,5458,45.00,5459,48.00
4787,5460,6.00,5461,5.00
4788,5462,5.00,5463,5.00
4789,5464,10.50,5466,4.20
4790,5467,4.00,5468,4.00
4791,5469,12.40,5470,12.40
4792,5471,1.00,5472,1.00
4793,5473,1.40,5474,0.95
4794,5475,6.00,5476,6.00
4795,5477,49.00,5478,54.50
4796,5479,28.00,5480,28.00
4797,5481,0.00,5483,0.00
4798,5484,98.00,5485,84.00
4799,5486,1.20,5487,1.20
4800,5488,4.00,5489,4.00
4801,5490,14.00,5491,14.00
4802,5492,12.50,5493,12.90
4803,5494,2.10,5495,3.00
4804,5496,19.50,5497,30.00
4805,5498,3.60,5499,3.60
4806,5500,3.50,5501,3.50
4807,5502,0.00,5503,0.00
4808,5504,175.00,5505,175.00
4809,5506,38.00,5507,40.00
4810,5508,25.00,5509,27.00
4811,5510,10.00,5511,10.00
4812,5512,5.30,5513,5.30
4813,5514,4.00,5515,4.00
4814,5516,33.00,5517,33.00
4815,5518,4.35,5519,4.35
4816,5520,3.35,5521,3.35
4817,5522,75.00,5523,75.00
4818,5524,160.00,5525,160.00
4819,5526,3.00,5527,3.00
4820,5528,66.00,5529,65.00
4821,5530,1.50,5531,1.50
4822,5532,8.50,5533,8.50
4823,5534,3.20,5535,38.30
4824,5536,240.00,5537,240.00
4825,5538,7.00,5539,12.15
4826,5540,1.00,5541,1.00
4827,5542,80.00,5543,80.00
4828,5544,20.00,5545,37.00
4829,5546,148.00,5547,165.00
4830,5548,11.20,5549,11.20
4831,5550,5.00,5551,5.00
4832,5552,25.00,5553,40.00
4833,5554,0.00,5556,0.00
4834,5557,7.50,5558,7.50
4835,5559,45.00,5560,59.00
4836,5561,1.85,5562,2.25
4837,5563,16.45,5564,16.00
4838,5565,32.00,5566,37.00
4839,5567,23.67,5568,19.50
4840,5569,6.50,5570,4.55
4841,5571,28.00,5572,28.00
4842,5573,23.75,5574,24.25
4843,5575,8.00,5576,8.00
4844,5577,6.00,5578,6.00
4845,5579,12.60,5580,12.60
4846,5581,8.10,5582,8.10
4847,5583,7.00,5584,7.00
4848,5585,1.60,5586,1.60
4849,5587,4.15,5588,4.15
4850,5589,6.50,5590,6.50
4851,5591,1.50,5592,1.50
4852,5593,20.00,5594,20.00
4853,5595,11.80,5597,11.80
4854,5598,14.00,5599,14.00
4855,5600,1.50,5601,1.50
4856,5602,29.00,5603,29.00
4857,5604,1.95,5605,1.95
4858,5606,0.00,5608,0.00
4859,5609,32.40,5610,32.40
4860,5611,7.00,5612,7.00
4861,5613,0.00,5614,0.00
4862,5615,180.00,5616,180.00
4863,5617,2.90,5618,4.00
4864,5619,0.00,5621,0.00
4865,5622,280.00,5623,280.00
4866,5624,4.98,5625,4.98
4867,5626,2.30,5627,2.30
4868,5628,4.10,5629,4.10
4869,5630,0.00,5632,0.00
4870,5633,8.70,5634,18.00
4871,5635,0.00,5636,0.00
4872,5637,4.10,5638,4.10
4873,5639,0.00,5641,0.00
4874,5642,1.80,5643,1.80
4875,5644,18.00,5645,9.00
4876,5646,1.60,5647,1.60
4877,5648,35.00,5649,35.00
4878,5650,3.20,5651,3.20
4879,5652,7.00,5653,15.00
4880,5654,5.00,5655,5.00
4881,5656,4.00,5657,4.00
4882,5658,2.00,5659,2.00
4883,5660,3.00,5661,3.00
4884,5662,41.50,5663,37.00
4885,5664,4.00,5665,4.00
4886,5666,4.00,5667,4.00
4887,5668,0.00,5669,0.00
4888,5670,12.00,5671,12.00
4889,5672,1.00,5673,1.00
4890,5674,12.00,5675,12.00
4891,5676,16.00,5677,14.00
4892,5678,4.15,5679,4.15
4893,5680,3.50,5681,3.50
4894,5682,6.50,5683,6.50
4895,5684,1.75,5685,2.95
4896,5686,40.00,5687,60.00
4897,5688,3.75,5689,3.75
4898,5690,3.50,5691,3.50
4899,5692,3.20,5693,3.20
4900,5694,5.95,5695,3.25
4901,5696,4.25,5697,4.25
4902,5698,8.00,5699,8.00
4903,5700,2.00,5701,2.00
4904,5702,240.00,5703,240.00
4905,5704,1.60,5705,4.00
4906,5706,30.00,5707,30.00
4907,5708,3.25,5709,3.25
4908,5710,19.50,5711,15.00
4909,5712,1.75,5713,2.30
4910,5714,33.00,5715,33.00
4911,5716,0.00,5717,0.00
4912,5718,4.00,5719,4.00
4913,5720,3.10,5721,19.25
4914,5722,11.95,5723,11.95
4915,5724,12.00,5725,12.00
4916,5726,2.00,5727,2.00
4917,5728,3.25,5729,3.25
4918,5730,4.00,5731,4.00
4919,5732,4.95,5733,4.95
4920,5734,4.00,5735,4.00
4921,5736,6.40,5737,6.40
4922,5738,3.00,5739,3.00
4923,5740,800.00,5741,800.00
4924,5742,2.70,5743,2.70
4925,5744,7.50,5745,7.50
4926,5746,61.00,5747,61.00
4927,5748,200.00,5749,200.00
4928,5750,62.00,5751,62.00
4929,5752,3.00,5753,4.25
4930,5754,33.00,5755,25.00
4931,5756,6.00,5757,6.00
4932,5758,2.60,5759,2.60
4933,5760,1.85,5761,2.95
4934,5762,1.75,5763,1.75
4935,5764,6.50,5765,6.50
4936,5766,12.95,5767,12.95
4937,5768,7.00,5769,7.00
4938,5770,6.00,5771,6.00
4939,5772,30.00,5773,30.00
4940,5774,23.40,5775,25.50
4941,5776,33.50,5777,22.00
4942,5778,65.00,5779,65.00
4943,5780,16.20,5781,26.10
4944,5782,33.00,5783,30.00
4945,5784,0.00,5786,0.00
4946,5787,20.00,5788,15.00
4947,5789,7.00,5790,7.00
4948,5791,1.80,5792,1.80
4949,5793,2.80,5794,3.70
4950,5795,12.95,5796,12.95
4951,5797,28.00,5798,25.00
4952,5799,13.25,5800,13.25
4953,5801,4.75,5802,4.75
4954,5803,15.00,5804,15.00
4955,5805,0.00,5806,0.00
4956,5807,39.00,5808,39.00
4957,5809,32.00,5810,35.00
4958,5811,158.00,5812,158.00
4959,5813,70.00,5814,63.50
4960,5815,3.70,5816,3.70
4961,5817,4.30,5818,3.70
4962,5819,90.00,5820,90.00
4963,5821,40.00,5822,50.00
4964,5823,47.00,5824,40.00
4965,5825,0.00,5826,0.00
4966,5827,0.00,5829,0.00
4967,5830,0.00,5831,0.00
4968,5832,30.00,5833,30.00
4969,5834,30.00,5835,30.00
4970,5836,11.65,5837,15.65
4971,5838,150.00,5839,150.00
4972,5840,0.00,5842,0.00
4973,5843,6.60,5844,6.60
4974,5845,37.38,5846,37.38
4975,5847,38.60,5848,38.60
4976,5849,23.75,5851,24.25
4977,5852,4.50,5853,1.30
4978,5854,3.45,5855,4.95
4979,5856,4.60,5857,2.50
4980,5858,160.00,5859,160.00
4981,5860,1.00,5862,1.00
4982,5863,57.00,5864,57.00
4983,5865,12.00,5866,12.00
4984,5867,4.00,5869,4.00
4985,5870,18.60,5871,6.75
4986,5872,1.00,5873,1.00
4987,5874,14.50,5875,13.50
4988,5876,68.00,5877,68.00
4989,5878,17.00,5879,16.00
4990,5880,3.00,5881,3.00
4991,5882,33.00,5883,30.00
4992,5884,0.00,5885,0.00
4993,5886,0.00,5887,0.00
4994,5888,5.00,5889,5.00
4995,5890,3.30,5891,3.30
4996,5892,4.50,5894,4.50
4997,5895,0.00,5897,0.00
4998,5898,45.00,5899,45.00
4999,5900,4.00,5901,4.00
5000,5902,0.00,5904,0.00
5001,5905,9.00,5906,9.00
5002,5907,20.00,5908,20.00
5003,5909,6.50,5910,6.50
5004,5911,3.99,5912,3.99
5005,5913,29.00,5914,50.00
5006,5915,1.90,5916,2.65
5007,5917,1.60,5918,1.60
5008,5919,4.75,5920,5.00
5009,5921,0.00,5922,0.00
5010,5923,2.95,5924,2.95
5011,5925,2.99,5926,2.99
5012,5927,0.88,5928,0.88
5013,5929,1.00,5931,1.00
5014,5932,53.50,5933,50.00
5015,5934,204.00,5935,204.00
5016,5936,40.50,5937,41.50
5017,5938,40.50,5939,45.00
5018,5940,40.00,5941,50.00
5019,5942,3.20,5943,38.30
5020,5944,12.50,5945,12.50
5021,5946,3.50,5947,3.50
5022,5948,23.50,5949,23.50
5023,5950,8.80,5951,8.80
5024,5952,5.75,5953,5.75
5025,5954,30.50,5955,27.50
5026,5956,3.70,5957,3.70
5027,5958,21.50,5959,21.30
5028,5960,59.00,5961,59.00
5029,5962,3.75,5963,5.10
5030,5964,40.00,5965,29.00
5031,5966,2.45,5967,2.45
5032,5968,4.50,5969,4.50
5033,5970,18.90,5971,18.90
5034,5972,12.35,5973,12.35
5035,5974,2.80,5975,3.50
5036,5976,2.99,5977,2.99
5037,5978,5.00,5979,5.00
5038,5980,3.65,5981,3.65
5039,5982,3.25,5983,3.25
5040,5984,16.70,5985,16.70
5041,5986,74.50,5987,75.00
5042,5988,19.00,5989,19.00
5043,5990,1.75,5991,2.95
5044,5992,8.10,5993,15.60
5045,5994,4.50,5995,4.00
5046,5996,5.50,5997,5.50
5047,5998,15.95,5999,15.95
5048,6000,32.40,6001,32.40
5049,6002,32.00,6003,32.00
5050,6004,4.00,6005,4.00
5051,6006,8.00,6007,8.00
5052,6008,27.00,6009,27.00
5053,6010,2.95,6011,2.95
5054,6012,0.00,6013,0.00
5055,6014,1.50,6015,1.50
5056,6016,0.70,6017,0.70
5057,6018,2.00,6019,2.00
5058,6020,6.00,6021,6.00
5059,6022,8.00,6023,8.00
5060,6024,9.60,6025,13.50
5061,6026,25.00,6027,27.00
5062,6028,3500.00,6029,3500.00
5063,6030,5.00,6031,6.00
5064,6032,2.20,6033,2.20
5065,6034,8.00,6035,8.00
5066,6036,1.60,6037,1.70
5067,6038,900.00,6039,900.00
5068,6040,3.00,6041,3.00
5069,6042,2.70,6043,2.70
5070,6044,6.00,6045,6.00
5071,6046,4.99,6047,4.99
5072,6048,50.00,6049,55.00
5073,6050,19.00,6051,19.00
5074,6052,18.00,6053,18.00
5075,6054,6.60,6055,6.60
5076,6056,8.50,6057,8.50
5077,6058,50.00,6059,50.00
5078,6060,32.40,6061,32.40
5079,6062,2.00,6063,2.00
5080,6064,1.60,6065,1.60
5081,6066,5.25,6067,5.25
5082,6068,33.00,6069,29.00
5083,6070,5.00,6071,5.00
5084,6072,56.00,6073,79.00
5085,6074,175.00,6075,175.00
5086,6076,25.00,6077,29.00
5087,6078,28.00,6079,33.00
5088,6080,15.00,6081,15.00
5089,6082,35.00,6083,52.00
5090,6084,3.80,6085,3.80
5091,6086,25.50,6087,25.50
5092,6088,39.00,6089,39.00
5093,6090,9.00,6091,18.00
5094,6092,5.90,6093,7.40
5095,6094,14.00,6096,7.80
5096,6097,4.05,6098,4.05
5097,6099,19.00,6100,19.00
5098,6101,47.00,6102,52.00
5099,6103,140.00,6104,140.00
5100,6105,18.40,6106,17.00
5101,6107,11.90,6108,11.90
5102,6109,22.00,6110,22.00
5103,6111,16.20,6112,16.20
5104,6113,5.50,6114,5.50
5105,6115,0.00,6117,0.00
5106,6118,11.00,6119,12.00
5107,6120,450.00,6121,450.00
5108,6122,40.00,6123,40.00
5109,6124,59.00,6125,59.00
5110,6126,2.45,6127,2.45
5111,6128,10.00,6129,10.00
5112,6130,48.60,6131,48.60
5113,6132,20.00,6133,23.00
5114,6134,2.10,6135,2.40
5115,6136,29.00,6137,3.00
5116,6138,29.00,6139,29.00
5117,6140,35.00,6141,35.00
5118,6142,16.10,6143,16.10
5119,6144,5.50,6145,5.50
5120,6146,2.10,6147,3.00
5121,6148,27.50,6149,27.50
5122,6150,4.25,6151,4.25
5123,6152,65.00,6153,65.00
5124,6154,70.00,6155,70.00
5125,6156,9.90,6157,9.90
5126,6158,204.00,6159,204.00
5127,6160,5.20,6161,5.20
5128,6162,1.00,6163,1.00
5129,6164,10.00,6165,10.00
5130,6166,20.00,6167,20.00
5131,6168,300.00,6169,300.00
5132,6170,7.98,6171,7.98
5133,6172,4.20,6173,5.95
5134,6174,0.60,6175,0.60
5135,6176,28.00,6177,28.00
5136,6178,6.30,6179,5.90
5137,6180,13.30,6181,27.30
5138,6182,27.95,6183,27.95
5139,6184,4.75,6185,5.90
5140,6186,2.45,6187,10.50
5141,6188,2.00,6189,2.00
5142,6190,0.00,6192,0.00
5143,6193,1.75,6194,1.75
5144,6195,7.90,6196,7.90
5145,6197,1.40,6198,1.40
5146,6199,3.60,6200,3.60
5147,6201,3.75,6202,3.75
5148,6203,6.00,6204,6.00
5149,6205,2.60,6206,3.00
5150,6207,12.00,6208,16.80
5151,6209,1.00,6210,1.00
5152,6211,9.00,6212,9.00
5153,6213,3.00,6214,3.00
5154,6215,2.80,6216,4.55
5155,6217,5.25,6218,6.90
5156,6219,290.00,6220,290.00
5157,6221,84.00,6222,84.00
5158,6223,3.75,6224,3.75
5159,6225,6.00,6227,6.00
5160,6228,58.65,6229,58.65
5161,6230,2.70,6231,2.70
5162,6232,7.70,6233,7.70
5163,6234,19.00,6235,19.00
5164,6236,2.90,6237,2.90
5165,6238,40.50,6239,20.00
5166,6240,25.50,6241,25.50
5167,6242,3.70,6243,3.70
5168,6244,1.50,6245,1.50
5169,6246,70.00,6247,70.00
5170,6248,5.00,6249,5.00
5171,6250,35.00,6251,35.00
5172,6252,2.00,6253,2.00
5173,6254,96.00,6255,96.00
5174,6256,11.00,6257,11.00
5175,6258,62.00,6259,63.00
5176,6260,25.50,6261,25.50
5177,6262,0.00,6263,0.00
5178,6264,3.10,6265,9.30
5179,6266,77.00,6267,77.00
5180,6268,3.40,6269,4.10
5181,6270,3500.00,6271,3500.00
5182,6272,9.00,6273,9.00
5183,6274,230.00,6275,230.00
5184,6276,12.00,6277,21.90
5185,6278,5.50,6279,5.50
5186,6280,21.00,6281,37.00
5187,6282,3.50,6283,3.50
5188,6284,4.00,6285,4.00
5189,6286,86.00,6287,86.00
5190,6288,3.00,6289,3.00
5191,6290,3.00,6291,3.00
5192,6292,75.00,6293,56.00
5193,6294,3.20,6295,38.30
5194,6296,1.95,6297,1.95
5195,6298,3.00,6299,3.00
5196,6300,8.50,6301,8.50
5197,6302,7.00,6303,7.00
5198,6304,6.85,6305,7.60
5199,6306,3.00,6307,3.00
5200,6308,1.80,6309,2.40
5201,6310,3.80,6311,5.10
5202,6312,48.00,6313,48.00
5203,6314,63.00,6315,63.00
5204,6316,10.00,6317,10.00
5205,6318,27.95,6319,27.95
5206,6320,10.70,6321,10.70
5207,6322,32.00,6323,29.00
5208,6324,0.00,6325,0.00
5209,6326,7.00,6327,7.00
5210,6328,1.50,6329,1.50
5211,6330,3.50,6331,3.50
5212,6332,16.50,6333,16.50
5213,6334,5.10,6335,5.10
5214,6336,28.50,6337,28.50
5215,6338,4.50,6339,4.50
5216,6340,82.50,6341,82.50
5217,6342,2.50,6343,2.50
5218,6344,50.00,6345,50.00
5219,6346,200.00,6347,200.00
5220,6348,0.00,6349,0.00
5221,6350,2.95,6351,2.95
5222,6352,15.00,6353,15.00
5223,6354,0.00,6355,0.00
5224,6356,71.00,6357,61.00
5225,6358,59.00,6359,59.00
5226,6360,8.70,6361,18.00
5227,6362,32.50,6363,32.50
5228,6364,3.00,6365,4.55
5229,6366,0.00,6368,0.00
5230,6369,50.00,6370,42.00
5231,6371,46.00,6372,46.00
5232,6373,1.50,6374,1.50
5233,6375,6.40,6376,7.80
5234,6377,4.00,6378,4.00
5235,6379,54.00,6380,54.00
5236,6381,22.00,6382,22.50
5237,6383,0.00,6384,0.00
5238,6385,1.60,6386,1.60
5239,6387,40.50,6388,40.00
5240,6389,7.50,6390,7.50
5241,6391,2.70,6392,2.70
5242,6393,37.00,6394,50.00
5243,6395,230.00,6396,230.00
5244,6397,19.70,6398,19.70
5245,6399,3.00,6400,3.00
5246,6401,300.00,6402,300.00
5247,6403,0.00,6405,0.00
5248,6406,3.00,6407,3.00
5249,6408,11.00,6409,11.00
5250,6410,45.00,6411,45.00
5251,6412,3.00,6413,3.00
5252,6414,7.00,6415,7.00
5253,6416,28.00,6417,25.00
5254,6418,6.50,6419,39.00
5255,6420,50.00,6421,50.00
5256,6422,45.00,6423,41.00
5257,6424,22.00,6425,25.00
5258,6426,1.30,6427,1.30
5259,6428,2.60,6429,3.40
5260,6430,2.25,6431,2.25
5261,6432,27.00,6433,27.50
5262,6434,2.70,6435,2.70
5263,6436,200.00,6437,200.00
5264,6438,6.60,6439,16.20
5265,6440,13.00,6441,13.00
5266,6442,4.90,6443,3.60
5267,6444,65.00,6445,65.00
5268,6446,25.00,6447,40.00
5269,6448,11.50,6449,12.00
5270,6450,0.00,6451,0.00
5271,6452,150.00,6453,129.00
5272,6454,15.85,6455,15.85
5273,6456,0.00,6457,0.00
5274,6458,2.30,6459,3.00
5275,6460,1.60,6461,1.60
5276,6462,18.00,6463,18.00
5277,6464,6.00,6465,6.00
5278,6466,27.00,6467,29.00
5279,6468,8.00,6469,8.00
5280,6470,2.70,6471,2.70
5281,6472,33.00,6473,33.00
5282,6474,7.00,6476,7.00
5283,6477,2.95,6478,2.95
5284,6479,10.40,6481,10.40
5285,6482,1.99,6483,1.99
5286,6484,5.50,6485,5.50
5287,6486,58.00,6487,58.00
5288,6488,40.00,6489,40.00
5289,6490,4.20,6491,7.20
5290,6492,2.70,6493,2.70
5291,6494,33.00,6495,75.00
5292,6496,5.60,6497,5.60
5293,6498,1.40,6499,1.40
5294,6500,3.60,6501,5.40
5295,6502,61.00,6503,61.00
5296,6504,33.00,6505,33.00
5297,6506,12.00,6507,12.00
5298,6508,20.00,6509,20.00
5299,6510,0.00,6512,0.00
5300,6513,2.80,6514,2.80
5301,6515,0.00,6517,0.00
5302,6518,7.00,6519,7.00
5303,6520,1450.00,6521,1450.00
5304,6522,1.90,6523,2.65
5305,6524,23.80,6525,23.95
5306,6526,3.40,6527,4.90
5307,6528,7.00,6529,3.00
5308,6530,32.50,6531,32.50
5309,6532,18.10,6533,18.10
5310,6534,75.00,6535,75.00
5311,6536,6.00,6537,6.00
5312,6538,32.50,6539,32.50
5313,6540,40.00,6541,41.00
5314,6542,0.00,6543,0.00
5315,6544,7.10,6545,7.75
5316,6546,5.85,6547,5.85
5317,6548,0.00,6550,0.00
5318,6551,0.00,6552,0.00
5319,6553,1.80,6554,1.80
5320,6555,0.00,6557,0.00
5321,6558,2.10,6559,2.10
5322,6560,62.00,6561,62.00
5323,6562,72.00,6563,70.00
5324,6564,4.90,6565,4.90
5325,6566,1.85,6567,2.95
5326,6568,175.00,6569,175.00
5327,6570,8.00,6571,8.00
5328,6572,55.00,6573,55.00
5329,6574,180.00,6575,180.00
5330,6576,33.00,6578,33.00
5331,6579,5.00,6580,5.00
5332,6581,17.50,6582,20.00
5333,6583,23.00,6584,25.00
5334,6585,12.00,6586,12.00
5335,6587,5.00,6588,5.00
5336,6589,3.50,6590,3.50
5337,6591,37.00,6592,30.00
5338,6593,0.00,6594,0.00
5339,6595,8.75,6596,8.75
5340,6597,2.65,6598,2.65
5341,6599,180.00,6600,180.00
5342,6601,2.10,6602,3.00
5343,6603,1.30,6604,1.30
5344,6605,3.00,6606,3.00
5345,6607,92.00,6608,92.00
5346,6609,32.50,6610,32.50
5347,6611,50.00,6612,37.00
5348,6613,6.60,6614,15.60
5349,6615,4.50,6616,4.50
5350,6617,11.00,6618,11.00
5351,6619,1.10,6621,1.10
5352,6622,5.00,6623,5.00
5353,6624,7.50,6625,7.50
5354,6626,19.95,6627,19.95
5355,6628,4.10,6629,4.10
5356,6630,106.00,6631,106.00
5357,6632,2.80,6633,2.80
5358,6634,4.30,6635,4.30
5359,6636,15.40,6637,15.40
5360,6638,11.80,6639,11.80
5361,6640,3.00,6641,3.00
5362,6642,2.00,6643,2.00
5363,6644,9.75,6645,9.75
5364,6646,27.00,6647,32.00
5365,6648,0.00,6650,0.00
5366,6651,8.00,6652,8.00
5367,6653,12.00,6654,17.50
5368,6655,7.00,6656,7.00
5369,6657,1.50,6658,1.50
5370,6659,6.50,6660,6.50
5371,6661,10.00,6662,15.00
5372,6663,6.00,6664,6.00
5373,6665,2.35,6666,2.35
5374,6667,3.30,6668,3.30
5375,6669,2.90,6670,2.90
5376,6671,0.00,6672,0.00
5377,6673,2.00,6674,2.00
5378,6675,34.00,6676,33.00
5379,6677,4.85,6678,4.85
5380,6679,11.50,6680,11.90
5381,6681,3.00,6682,3.00
5382,6683,6.00,6684,6.00
5383,6685,18.00,6686,18.00
5384,6687,5.00,6688,5.00
5385,6689,55.00,6690,55.00
5386,6691,0.00,6693,0.00
5387,6694,46.80,6695,46.80
5388,6696,660.00,6697,660.00
5389,6698,1.80,6699,1.80
5390,6700,150.00,6701,225.00
5391,6702,440.00,6703,440.00
5392,6704,50.00,6705,50.00
5393,6706,2.50,6707,2.50
5394,6708,31.00,6709,34.00
5395,6710,23.40,6711,25.50
5396,6712,8.00,6713,8.00
5397,6714,4.00,6715,4.00
5398,6716,1.00,6718,1.00
5399,6719,1.20,6720,1.20
5400,6721,4.00,6722,4.00
5401,6723,0.00,6725,0.00
5402,6726,69.00,6727,69.00
5403,6728,1.60,6729,1.60
5404,6730,4.50,6731,4.50
5405,6732,7.35,6733,7.35
5406,6734,3.75,6736,3.75
5407,6737,0.00,6738,0.00
5408,6739,10.00,6740,10.00
5409,6741,9.00,6742,9.00
5410,6743,3.00,6744,3.00
5411,6745,7.00,6746,7.00
5412,6747,7.50,6748,7.50
5413,6749,8.50,6750,8.50
5414,6751,3.90,6752,5.15
5415,6753,12.50,6754,12.50
5416,6755,3.99,6756,3.99
5417,6757,20.00,6758,20.00
5418,6759,53.13,6760,53.13
5419,6761,45.00,6762,45.00
5420,6763,10.00,6764,10.00
5421,6765,52.00,6766,27.00
5422,6767,5.00,6768,5.00
5423,6769,1.50,6770,3.40
5424,6771,6.50,6772,6.50
5425,6773,3.60,6774,3.60
5426,6775,4.95,6776,4.30
5427,6777,39.00,6778,39.00
5428,6779,11.00,6780,11.00
5429,6781,32.50,6782,32.50
5430,6783,4.00,6784,4.00
5431,6785,40.00,6786,40.00
5432,6787,200.00,6788,200.00
5433,6789,28.00,6790,28.00
5434,6791,25.50,6792,28.00
5435,6793,25.50,6794,28.00
5436,6795,5.50,6796,7.15
5437,6797,1.60,6798,1.60
5438,6799,0.70,6800,0.70
5439,6801,9.00,6802,18.00
5440,6803,1.50,6804,1.90
5441,6805,22.50,6806,22.50
5442,6807,4.00,6808,4.00
5443,6809,177.00,6810,177.00
5444,6811,2.80,6812,2.80
5445,6813,23.00,6814,23.00
5446,6815,8.50,6816,8.50
5447,6817,2.95,6818,2.95
5448,6819,3.90,6820,3.90
5449,6821,50.00,6822,47.00
5450,6823,1.60,6824,1.60
5451,6825,40.50,6826,40.50
5452,6827,2.00,6828,2.00
5453,6829,31.00,6830,39.00
5454,6831,27.60,6832,27.60
5455,6833,2.50,6834,2.50
5456,6835,5.00,6836,5.00
5457,6837,100.00,6838,122.50
5458,6839,25.00,6840,40.00
5459,6841,8.00,6842,8.00
5460,6843,2.00,6844,2.00
5461,6845,6.00,6847,6.00
5462,6848,5.75,6849,5.75
5463,6850,4.95,6851,4.95
5464,6852,93.00,6853,93.00
5465,6854,52.50,6855,70.00
5466,6856,25.00,6857,25.00
5467,6858,125.00,6859,170.00
5468,6860,23.50,6861,23.50
5469,6862,40.50,6863,50.00
5470,6864,19.00,6865,19.00
5471,6866,1.20,6867,1.20
5472,6868,4.95,6869,4.95
5473,6870,2.80,6871,2.80
5474,6872,53.13,6873,53.13
5475,6874,46.20,6875,46.20
5476,6876,1.80,6877,1.80
5477,6878,8.10,6879,15.60
5478,6880,1.00,6882,1.00
5479,6883,12.95,6884,21.50
5480,6885,2.35,6886,2.35
5481,6887,4.20,6888,3.90
5482,6889,2.30,6890,2.30
5483,6891,7.50,6892,7.50
5484,6893,4.50,6894,4.50
5485,6895,33.00,6896,38.00
5486,6897,3.80,6898,3.35
5487,6899,150.00,6900,150.00
5488,6901,3.50,6902,3.50
5489,6903,0.00,6904,0.00
5490,6905,6.85,6906,6.85
5491,6907,10.00,6908,10.00
5492,6909,0.00,6910,0.00
5493,6911,0.00,6912,0.00
5494,6913,15.00,6914,15.00
5495,6915,2.95,6916,2.95
5496,6917,4.10,6918,4.10
5497,6919,31.50,6920,31.50
5498,6921,4.95,6922,4.95
5499,6923,19.00,6924,19.00
5500,6925,25.00,6926,25.00
5501,6927,0.00,6928,0.00
5502,6929,36.40,6930,36.40
5503,6931,3.80,6932,3.80
5504,6933,2.20,6934,13.20
5505,6935,2.60,6936,2.60
5506,6937,9.50,6938,9.50
5507,6939,2.50,6940,2.50
5508,6941,50.00,6942,50.00
5509,6943,3.40,6944,3.40
5510,6945,20.00,6946,20.00
5511,6947,3.20,6948,38.30
5512,6949,14.70,6950,14.70
5513,6951,7.60,6952,7.60
5514,6953,0.00,6954,0.00
5515,6955,4.70,6956,7.65
5516,6957,5.70,6959,5.70
5517,6960,12.00,6961,13.50
5518,6962,200.00,6963,200.00
5519,6964,2.50,6965,2.50
5520,6966,3.20,6967,38.30
5521,6968,48.75,6969,56.75
5522,6970,80.00,6971,85.00
5523,6972,70.00,6973,60.00
5524,6974,27.00,6975,27.00
5525,6976,2.70,6977,2.70
5526,6978,19.60,6979,19.60
5527,6980,8.00,6981,4.00
5528,6982,0.00,6984,0.00
5529,6985,50.00,6986,50.00
5530,6987,120.00,6988,120.00
5531,6989,0.00,6991,0.00
5532,6992,1.60,6993,1.60
5533,6994,11.00,6995,11.00
5534,6996,0.00,6998,0.00
5535,6999,4.00,7000,4.00
5536,7001,35.00,7002,35.00
5537,7003,80.00,7004,80.00
5538,7005,75.00,7006,75.00
5539,7007,28.00,7008,28.00
5540,7009,45.00,7010,45.00
5541,7011,12.00,7012,12.00
5542,7013,6.00,7014,6.00
5543,7015,4.00,7016,4.00
5544,7017,1200.00,7018,1200.00
5545,7019,49.00,7020,49.00
5546,7021,2.60,7022,2.60
5547,7023,8.85,7024,8.85
5548,7025,3.90,7026,4.55
5549,7027,20.00,7028,36.00
5550,7029,5.60,7030,5.60
5551,7031,0.00,7033,0.00
5552,7034,18.00,7035,18.00
5553,7036,8.25,7037,8.25
5554,7038,12.50,7039,12.50
5555,7040,15.00,7041,15.00
5556,7042,4.20,7043,3.25
5557,7044,0.00,7046,0.00
5558,7047,39.00,7048,39.00
5559,7049,20.30,7050,20.30
5560,7051,19.00,7052,19.00
5561,7053,4.40,7054,9.10
5562,7055,5.60,7056,5.60
5563,7057,1.50,7058,1.50
5564,7059,10.20,7060,10.20
5565,7061,19.50,7062,19.50
5566,7063,0.00,7065,0.00
5567,7066,2.80,7067,2.80
5568,7068,77.00,7069,77.00
5569,7070,12.00,7071,12.00
5570,7072,5.95,7073,5.95
5571,7074,4.25,7075,4.25
5572,7076,0.50,7077,0.50
5573,7078,130.00,7079,140.00
5574,7080,4.00,7081,4.00
5575,7082,1.00,7083,1.00
5576,7084,30.00,7085,30.00
5577,7086,45.00,7087,45.00
5578,7088,21.50,7089,21.50
5579,7090,4.40,7091,4.40
5580,7092,3.50,7093,3.50
5581,7094,6.95,7095,6.95
5582,7096,9.75,7097,9.75
5583,7098,450.00,7099,450.00
5584,7100,7.50,7101,7.50
5585,7102,12.00,7103,12.00
5586,7104,56.00,7105,73.00
5587,7106,4.00,7107,4.00
5588,7108,1.00,7109,1.00
5589,7110,1.80,7111,1.80
5590,7112,4.90,7113,3.00
5591,7114,1.75,7115,2.95
5592,7116,7.20,7117,15.00
5593,7118,2.00,7119,2.00
5594,7120,180.00,7121,180.00
5595,7122,27.00,7123,27.00
5596,7124,12.00,7125,21.90
5597,7126,6.90,7127,15.00
5598,7128,39.00,7129,30.00
5599,7130,5.80,7131,5.80
5600,7132,420.00,7133,420.00
5601,7134,83.00,7135,95.00
5602,7136,120.00,7137,120.00
5603,7138,8.50,7139,8.50
5604,7140,138.00,7141,138.00
5605,7142,1.80,7143,1.80
5606,7144,28.00,7145,28.00
5607,7146,2.20,7147,2.20
5608,7148,29.00,7149,28.00
5609,7150,852.00,7151,852.00
5610,7152,8.25,7153,5.65
5611,7154,15.90,7155,22.00
5612,7156,3.50,7157,3.50
5613,7158,4.80,7159,4.90
5614,7160,3.70,7162,3.70
5615,7163,69.00,7164,69.00
5616,7165,185.00,7166,185.00
5617,7167,8.50,7168,8.50
5618,7169,9.40,7170,9.40
5619,7171,7.00,7172,7.00
5620,7173,13.30,7174,13.30
5621,7175,1.99,7176,1.99
5622,7177,4.00,7178,4.00
5623,7179,2.60,7180,3.40
5624,7181,9.75,7182,13.55
5625,7183,26.00,7184,26.00
5626,7185,3.60,7186,3.60
5627,7187,2.20,7188,13.20
5628,7189,1.70,7190,1.70
5629,7191,5.00,7192,5.00
5630,7193,3.25,7194,3.25
5631,7195,6.00,7196,6.00
5632,7197,3.50,7198,3.50
5633,7199,9.20,7200,11.25
5634,7201,0.80,7202,0.80
5635,7203,26.00,7204,24.00
5636,7205,2.65,7206,2.65
5637,7207,28.00,7208,20.00
5638,7209,46.20,7210,46.20
5639,7211,0.00,7212,0.00
5640,7213,25.00,7214,40.00
5641,7215,7.50,7216,7.50
5642,7217,51.06,7218,51.06
5643,7219,1.60,7220,1.60
5644,7221,0.00,7222,0.00
5645,7223,10.75,7224,20.70
5646,7225,32.95,7226,21.60
5647,7227,11.50,7228,20.80
5648,7229,3.00,7230,3.00
5649,7231,1.50,7232,1.50
5650,7233,1.60,7234,1.60
5651,7235,6.00,7236,6.00
5652,7237,35.00,7238,35.00
5653,7239,35.00,7240,43.00
5654,7241,2.00,7242,2.00
5655,7243,25.00,7244,23.00
5656,7245,3.75,7246,3.75
5657,7247,45.00,7248,30.00
5658,7249,8.90,7250,8.90
5659,7251,3.00,7252,3.00
5660,7253,42.00,7254,55.00
5661,7255,6.00,7256,6.00
5662,7257,45.00,7258,45.00
5663,7259,7.00,7260,8.00
5664,7261,27.00,7262,27.00
5665,7263,3.20,7264,5.20
5666,7265,5.80,7266,5.80
5667,7267,54.00,7268,54.00
5668,7269,1.00,7270,1.00
5669,7271,45.00,7272,45.00
5670,7273,1.50,7274,1.50
5671,7275,50.00,7276,50.00
5672,7277,5.70,7278,5.70
5673,7279,51.00,7280,51.00
5674,7281,45.00,7282,45.00
5675,7283,2.30,7284,2.30
5676,7285,1.99,7286,1.99
5677,7287,5.00,7288,5.00
5678,7289,1.99,7290,1.99
5679,7291,3.50,7292,3.50
5680,7293,7.00,7294,7.00
5681,7295,97.50,7296,97.50
5682,7297,115.00,7298,120.00
5683,7299,30.00,7300,30.00
5684,7301,15.20,7302,15.20
5685,7303,0.50,7304,0.50
5686,7305,0.00,7306,0.00
5687,7307,3.50,7308,3.50
5688,7309,20.00,7310,20.00
5689,7311,2.50,7312,2.50
5690,7313,0.00,7314,0.00
5691,7315,20.00,7316,20.00
5692,7317,45.00,7318,45.00
5693,7319,2.10,7320,2.10
5694,7321,7.00,7322,7.00
5695,7323,7.00,7324,7.00
5696,7325,2.80,7326,2.80
5697,7327,35.00,7329,35.00
5698,7330,13.40,7331,21.00
5699,7332,38.50,7333,32.00
5700,7334,0.00,7335,0.00
5701,7336,3.50,7337,3.50
5702,7338,40.00,7339,40.00
5703,7340,32.50,7341,32.50
5704,7342,4.55,7343,4.55
5705,7344,4.40,7345,4.40
5706,7346,39.00,7347,43.00
5707,7348,1.00,7349,1.00
5708,7350,7.50,7351,7.50
5709,7352,17.00,7353,20.00
5710,7354,4.00,7355,4.00
5711,7356,1.00,7358,1.00
5712,7359,48.00,7360,43.20
5713,7361,23.75,7362,24.25
5714,7363,8.00,7364,8.00
5715,7365,1.00,7366,1.00
5716,7367,28.00,7368,28.00
5717,7369,0.00,7370,0.00
5718,7371,6.90,7372,6.90
5719,7373,4.98,7374,4.98
5720,7375,20.00,7376,15.00
5721,7377,6.60,7378,15.60
5722,7379,4.00,7380,4.00
5723,7381,4.00,7382,4.00
5724,7383,2.70,7384,2.70
5725,7385,15.00,7386,15.00
5726,7387,2.80,7388,2.95
5727,7389,31.25,7390,31.25
5728,7391,45.00,7392,45.00
5729,7393,11.00,7394,11.00
5730,7395,9.50,7396,9.50
5731,7397,15.00,7398,15.00
5732,7399,57.50,7400,57.50
5733,7401,27.00,7402,29.00
5734,7403,3.25,7404,3.25
5735,7405,2.60,7406,2.60
5736,7407,90.00,7408,90.00
5737,7409,1.80,7410,1.80
5738,7411,1.00,7413,1.00
5739,7414,52.00,7415,52.00
5740,7416,0.00,7417,0.00
5741,7418,28.00,7419,42.00
5742,7420,9.00,7421,9.00
5743,7422,5.60,7423,6.05
5744,7424,13.00,7425,13.00
5745,7426,48.00,7427,46.80
5746,7428,12.00,7429,12.00
5747,7430,3.25,7431,3.25
5748,7432,3.00,7433,3.00
5749,7434,3.25,7435,3.25
5750,7436,117.00,7437,117.00
5751,7438,240.00,7439,240.00
5752,7440,7.55,7441,7.55
5753,7442,8.00,7443,8.00
5754,7444,55.00,7445,53.00
5755,7446,19.00,7447,19.00
5756,7448,5.06,7449,5.06
5757,7450,3.20,7451,3.20
5758,7452,30.00,7453,30.00
5759,7454,0.00,7455,0.00
5760,7456,4.50,7457,4.50
5761,7458,4.50,7459,4.50
5762,7460,4.00,7461,4.00
5763,7462,18.75,7463,21.00
5764,7464,150.00,7465,150.00
5765,7466,0.00,7467,0.00
5766,7468,2.40,7469,2.40
5767,7470,65.00,7471,235.00
5768,7472,29.00,7473,28.00
5769,7474,150.00,7475,150.00
5770,7476,2.00,7477,2.00
5771,7478,7.50,7479,12.50
5772,7480,3.10,7481,9.30
5773,7482,20.00,7483,20.00
5774,7484,11.00,7485,11.00
5775,7486,7.00,7487,7.00
5776,7488,6.90,7489,15.00
5777,7490,6.00,7491,6.00
5778,7492,0.00,7494,0.00
5779,7495,2.50,7496,2.50
5780,7497,2.10,7498,2.10
5781,7499,3.45,7500,3.45
5782,7501,45.00,7502,45.00
5783,7503,5.20,7504,5.20
5784,7505,5.00,7506,5.00
5785,7507,7.30,7508,7.30
5786,7509,14.00,7510,14.00
5787,7511,7.00,7512,7.00
5788,7513,4.25,7514,6.75
5789,7515,4.00,7516,4.00
5790,7517,6.00,7518,6.00
5791,7519,4.80,7520,4.80
5792,7521,13.00,7522,13.95
5793,7523,38.00,7524,37.00
5794,7525,7.50,7526,7.50
5795,7527,15.00,7528,15.00
5796,7529,0.00,7530,0.00
5797,7531,19.00,7532,19.20
5798,7533,47.00,7534,51.00
5799,7535,10.50,7536,10.50
5800,7537,46.00,7538,11.50
5801,7539,60.00,7540,60.00
5802,7541,3.25,7542,3.25
5803,7543,4.55,7544,4.55
5804,7545,28.00,7546,28.00
5805,7547,3.75,7548,3.75
5806,7549,3.00,7550,3.00
5807,7551,7.50,7552,7.50
5808,7553,1.50,7554,1.50
5809,7555,85.00,7556,95.00
5810,7557,25.50,7558,25.50
5811,7559,19.95,7560,20.50
5812,7561,34.00,7562,27.00
5813,7563,13.00,7564,13.00
5814,7565,9.00,7566,9.00
5815,7567,0.00,7568,0.00
5816,7569,0.00,7571,0.00
5817,7572,3.40,7573,4.00
5818,7574,9.00,7575,9.00
5819,7576,50.00,7577,50.00
5820,7578,3.25,7579,3.25
5821,7580,5.00,7581,5.00
5822,7582,30.70,7583,30.70
5823,7584,19.00,7585,19.00
5824,7586,30.00,7587,45.00
5825,7588,3.50,7589,3.50
5826,7590,2.00,7591,2.00
5827,7592,4.90,7593,4.90
5828,7594,3.25,7595,3.25
5829,7596,9.00,7597,9.00
5830,7598,87.00,7599,87.00
5831,7600,6.00,7601,6.00
5832,7602,164.00,7603,164.00
5833,7604,33.00,7605,45.00
5834,7606,9.00,7607,17.00
5835,7608,0.20,7609,0.20
5836,7610,98.00,7611,98.00
5837,7612,0.00,7614,0.00
5838,7615,300.00,7616,300.00
5839,7617,0.70,7618,0.70
5840,7619,29.00,7620,35.00
5841,7621,5.83,7622,5.83
5842,7623,1.00,7625,1.00
5843,7626,2.90,7627,2.90
5844,7628,8.00,7630,8.00
5845,7631,10.00,7632,10.00
5846,7633,2.60,7634,2.60
5847,7635,340.00,7636,340.00
5848,7637,71.00,7638,71.00
5849,7639,2.50,7640,2.50
5850,7641,7.50,7642,7.50
5851,7643,4.00,7644,4.00
5852,7645,6.00,7646,6.00
5853,7647,3.00,7648,3.00
5854,7649,5.83,7650,5.83
5855,7651,3.00,7652,3.00
5856,7653,3.25,7654,3.10
5857,7655,3.00,7656,3.00
5858,7657,4.60,7658,4.60
5859,7659,1.00,7661,1.00
5860,7662,2.30,7663,2.30
5861,7664,40.00,7665,32.00
5862,7666,9.00,7667,16.00
5863,7668,2.20,7669,2.20
5864,7670,100.00,7671,100.00
5865,7672,0.00,7673,0.00
5866,7674,125.00,7675,125.00
5867,7676,2.95,7677,2.95
5868,7678,100.00,7679,100.00
5869,7680,18.00,7681,19.10
5870,7682,3.60,7683,1.95
5871,7684,1.00,7686,1.00
5872,7687,0.00,7689,0.00
5873,7690,3.15,7691,3.15
5874,7692,6.50,7693,6.50
5875,7694,7.50,7695,7.50
5876,7696,6.00,7697,6.00
5877,7698,3.20,7699,3.80
5878,7700,0.00,7702,0.00
5879,7703,4.00,7704,4.00
5880,7705,2.20,7706,3.50
5881,7707,15.00,7708,15.00
5882,7709,5.00,7710,5.00
5883,7711,34.80,7712,34.80
5884,7713,4.00,7714,0.00
5885,7715,0.00,7717,0.00
5886,7718,11.10,7719,11.00
5887,7720,8.20,7721,8.20
5888,7722,10.50,7723,10.50
5889,7724,5.00,7725,6.00
5890,7726,4.00,7727,4.00
5891,7728,35.00,7729,35.00
5892,7730,13.50,7731,13.50
5893,7732,36.00,7733,36.00
5894,7734,110.00,7735,110.00
5895,7736,5.30,7737,3.00
5896,7738,31.00,7739,31.00
5897,7740,30.00,7741,30.00
5898,7742,6.00,7743,6.00
5899,7744,0.00,7745,0.00
5900,7746,2.50,7747,2.50
5901,7748,1.00,7750,1.00
5902,7751,63.00,7752,63.00
5903,7753,20.70,7754,24.50
5904,7755,0.00,7756,0.00
5905,7757,3.60,7758,3.60
5906,7759,2.65,7760,2.65
5907,7761,1.80,7762,1.80
5908,7763,25.00,7764,39.00
5909,7765,5.70,7766,5.70
5910,7767,1.80,7768,1.80
5911,7769,7.00,7770,8.30
5912,7771,47.00,7772,34.00
5913,7773,5.50,7774,5.50
5914,7775,6.00,7776,6.00
5915,7777,3.00,7778,3.00
5916,7779,2.15,7780,2.15
5917,7781,14.30,7782,12.70
5918,7783,0.00,7784,0.00
5919,7785,2.50,7786,2.50
5920,7787,3.00,7788,3.00
5921,7789,33.50,7790,26.00
5922,7791,3.25,7792,3.25
5923,7793,0.00,7795,0.00
5924,7796,2.90,7797,2.90
5925,7798,8.45,7799,8.45
5926,7800,28.00,7801,28.00
5927,7802,4.62,7803,4.62
5928,7804,3.55,7805,10.20
5929,7806,10.00,7807,10.00
5930,7808,3.25,7809,4.05
5931,7810,30.00,7811,27.00
5932,7812,1.00,7813,1.00
5933,7814,8.50,7815,8.50
5934,7816,16.00,7817,16.00
5935,7818,1.80,7819,1.80
5936,7820,40.00,7821,36.00
5937,7822,4.30,7823,3.10
5938,7824,35.00,7825,37.00
5939,7826,3.70,7827,4.95
5940,7828,40.00,7829,40.00
5941,7830,3.00,7831,3.00
5942,7832,4.50,7834,4.50
5943,7835,5.00,7836,2.50
5944,7837,1.00,7838,1.00
5945,7839,4.65,7840,5.15
5946,7841,4.00,7843,4.00
5947,7844,2.00,7845,2.00
5948,7846,35.00,7847,35.00
5949,7848,12.00,7849,21.90
5950,7850,4.90,7851,4.90
5951,7852,0.00,7853,0.00
5952,7854,62.00,7855,59.00
5953,7856,7.00,7857,7.00
5954,7858,3.00,7859,3.00
5955,7860,20.00,7861,20.00
5956,7862,8.20,7863,8.20
5957,7864,26.95,7865,35.00
5958,7866,8.00,7867,8.60
5959,7868,8.00,7869,8.00
5960,7870,2.00,7871,2.00
5961,7872,0.00,7874,0.00
5962,7875,90.00,7876,90.00
5963,7877,1.50,7878,1.50
5964,7879,11.95,7880,11.95
5965,7881,2.95,7882,2.95
5966,7883,26.00,7884,26.00
5967,7885,1.00,7886,1.00
5968,7887,1.80,7888,2.60
5969,7889,1.60,7890,1.60
5970,7891,9.00,7892,9.00
5971,7893,8.50,7894,8.50
5972,7895,2.45,7896,2.45
5973,7897,0.75,7898,0.75
5974,7899,8.25,7900,8.25
5975,7901,23.10,7902,25.50
5976,7903,3.50,7904,3.50
5977,7905,3.25,7906,3.25
5978,7907,6.99,7908,6.99
5979,7909,4.00,7910,4.00
5980,7911,37.00,7912,39.00
5981,7913,5.30,7914,5.30
5982,7915,120.00,7916,120.00
5983,7917,0.00,7918,0.00
5984,7919,3.00,7920,3.00
5985,7921,2.50,7922,2.50
5986,7923,1.80,7924,4.80
5987,7925,23.50,7926,25.50
5988,7927,20.00,7928,20.00
5989,7929,45.00,7930,45.00
5990,7931,8.50,7932,8.50
5991,7933,0.80,7934,0.80
5992,7935,15.00,7936,15.00
5993,7937,8.00,7938,7.45
5994,7939,33.00,7940,33.00
5995,7941,16.00,7942,16.00
5996,7943,4.00,7944,4.00
5997,7945,13.25,7946,13.25
5998,7947,23.50,7948,35.00
5999,7949,2.95,7950,2.95
6000,7951,35.50,7952,35.50
6001,7953,6.00,7954,6.00
6002,7955,1.95,7956,1.95
6003,7957,8.00,7958,52.00
6004,7959,4.00,7960,4.00
6005,7961,7.00,7963,7.00
6006,7964,9.00,7965,9.00
6007,7966,62.00,7967,69.00
6008,7968,0.00,7970,0.00
6009,7971,6.00,7972,8.00
6010,7973,0.00,7974,0.00
6011,7975,35.00,7976,35.00
6012,7977,8.50,7978,8.50
6013,7979,3.00,7980,3.00
6014,7981,45.00,7982,45.00
6015,7983,30.10,7984,29.00
6016,7985,1.40,7986,1.40
6017,7987,1.60,7988,1.60
6018,7989,5.00,7990,5.00
6019,7991,1420.00,7992,1420.00
6020,7993,59.00,7994,59.00
6021,7995,25.00,7996,25.00
6022,7997,8.00,7999,8.00
6023,8000,1.00,8002,1.00
6024,8003,2.80,8004,2.80
6025,8005,9.75,8006,10.50
6026,8007,2.50,8008,2.50
6027,8009,6.50,8010,39.00
6028,8011,5.00,8012,5.00
6029,8013,67.50,8014,450.00
6030,8015,38.00,8016,41.00
6031,8017,3.60,8018,3.80
6032,8019,25.00,8020,25.00
6033,8021,105.00,8022,105.00
6034,8023,3.25,8024,3.25
6035,8025,180.00,8026,180.00
6036,8027,32.50,8028,32.50
6037,8029,38.00,8030,35.00
6038,8031,2.10,8032,2.95
6039,8033,0.00,8034,0.00
6040,8035,5.00,8036,5.00
6041,8037,45.00,8038,45.00
6042,8039,30.00,8040,35.00
6043,8041,5.60,8042,6.75
6044,8043,21.50,8044,23.00
6045,8045,4.80,8046,4.60
6046,8047,9.50,8048,9.50
6047,8049,8.80,8050,8.80
6048,8051,7.50,8052,7.50
6049,8053,19.50,8054,19.50
6050,8055,7.00,8056,7.00
6051,8057,10.00,8058,8.20
6052,8059,4.50,8060,4.50
6053,8061,2.10,8062,2.10
6054,8063,5.00,8064,5.60
6055,8065,2.00,8066,2.00
6056,8067,130.00,8068,130.00
6057,8069,240.00,8070,240.00
6058,8071,26.60,8072,26.60
6059,8073,28.00,8074,18.00
6060,8075,14.95,8076,14.95
6061,8077,16.30,8078,19.60
6062,8079,7.95,8080,7.95
6063,8081,12.00,8082,12.00
6064,8083,0.00,8085,0.00
6065,8086,6.45,8087,6.70
6066,8088,28.00,8089,35.00
6067,8090,4.60,8091,4.60
6068,8092,4.00,8093,4.00
6069,8094,4.00,8095,4.00
6070,8096,4.00,8097,4.00
6071,8098,7.25,8099,7.70
6072,8100,2.40,8101,2.40
6073,8102,0.00,8104,0.00
6074,8105,10.60,8106,28.00
6075,8107,5.40,8108,5.00
6076,8109,8.00,8110,8.00
6077,8111,18.45,8112,18.70
6078,8113,3.70,8114,3.70
6079,8115,3.00,8116,9.60
6080,8117,3.25,8118,3.25
6081,8119,10.00,8120,10.00
6082,8121,0.00,8123,0.00
6083,8124,0.00,8125,630.00
6084,8126,52.20,8127,60.75
6085,8128,19.50,8129,19.50
6086,8130,1.45,8132,1.45
6087,8133,3.50,8134,3.50
6088,8135,32.50,8136,51.00
6089,8137,15.00,8138,15.00
6090,8139,60.00,8140,40.00
6091,8141,10.00,8142,10.00
6092,8143,10.50,8144,13.15
6093,8145,0.00,8147,0.00
6094,8148,50.00,8149,50.00
6095,8150,2.65,8151,2.30
6096,8152,1.69,8153,1.69
6097,8154,8.50,8155,8.50
6098,8156,0.00,8157,0.00
6099,8158,2.95,8159,2.95
6100,8160,100.00,8161,100.00
6101,8162,38.00,8163,50.00
6102,8164,3.50,8165,3.50
6103,8166,4.35,8167,4.65
6104,8168,10.50,8169,10.50
6105,8170,11.50,8171,11.50
6106,8172,1.85,8173,1.85
6107,8174,8.50,8175,8.50
6108,8176,14.00,8177,15.50
6109,8178,2.99,8179,2.99
6110,8180,5.00,8181,5.00
6111,8182,18.25,8183,18.25
6112,8184,2.50,8185,2.50
6113,8186,7.00,8187,7.00
6114,8188,28.00,8189,28.00
6115,8190,0.00,8192,0.00
6116,8193,14.00,8194,18.00
6117,8195,0.80,8196,0.80
6118,8197,2.15,8198,2.15
6119,8199,0.00,8201,0.00
6120,8202,25.00,8203,25.00
6121,8204,39.00,8205,54.80
6122,8206,3.90,8207,4.40
6123,8208,185.00,8209,185.00
6124,8210,13.00,8211,13.00
6125,8212,3.85,8213,4.40
6126,8214,74.00,8215,74.00
6127,8216,2.50,8217,2.50
6128,8218,0.00,8219,0.00
6129,8220,6.00,8221,6.00
6130,8222,7.35,8223,7.35
6131,8224,7.00,8225,7.00
6132,8226,4.00,8227,4.00
6133,8228,74.00,8229,74.00
6134,8230,3.50,8231,3.50
6135,8232,2.00,8233,2.00
6136,8234,14.00,8235,8.40
6137,8236,56.00,8237,56.00
6138,8238,6.00,8239,6.00
6139,8240,16.00,8241,16.00
6140,8242,39.00,8243,39.00
6141,8244,17.30,8246,17.30
6142,8247,10.00,8248,10.00
6143,8249,3.00,8250,3.00
6144,8251,7.50,8252,7.50
6145,8253,45.00,8254,45.00
6146,8255,25.00,8256,24.00
6147,8257,3500.00,8258,3500.00
6148,8259,27.50,8260,27.50
6149,8261,1.20,8262,1.20
6150,8263,12.00,8264,12.00
6151,8265,56.00,8266,56.00
6152,8267,27.00,8268,26.00
6153,8269,9.50,8270,9.50
6154,8271,1.80,8272,1.80
6155,8273,0.00,8275,0.00
6156,8276,12.50,8277,12.90
6157,8278,2.10,8279,2.10
6158,8280,62.00,8281,62.00
6159,8282,40.00,8283,47.00
6160,8284,3.00,8285,3.00
6161,8286,1.45,8288,1.45
6162,8289,39.00,8290,39.00
6163,8291,1.00,8292,2.15
6164,8293,4.15,8294,4.94
6165,8295,240.00,8296,240.00
6166,8297,66.00,8298,65.00
6167,8299,11.00,8300,11.00
6168,8301,45.00,8302,45.00
6169,8303,0.00,8305,0.00
6170,8306,4.10,8307,4.10
6171,8308,2.50,8309,2.50
6172,8310,120.00,8311,120.00
6173,8312,200.00,8313,235.00
6174,8314,0.00,8316,0.00
6175,8317,40.00,8318,40.00
6176,8319,60.00,8320,120.00
6177,8321,6.30,8322,5.20
6178,8323,8.00,8324,8.00
6179,8325,7.00,8326,7.00
6180,8327,10.40,8328,10.40
6181,8329,2.00,8330,2.00
6182,8331,4.50,8332,4.50
6183,8333,3.50,8334,3.50
6184,8335,4.75,8336,4.75
6185,8337,11.00,8338,11.00
6186,8339,73.00,8340,88.00
6187,8341,11.05,8342,11.05
6188,8343,3.10,8344,9.30
6189,8345,2.10,8346,1.70
6190,8347,6.40,8348,7.60
6191,8349,2.85,8350,2.85
6192,8351,1.80,8352,2.60
6193,8353,11.95,8354,11.95
6194,8355,40.50,8356,45.00
6195,8357,115.00,8358,115.00
6196,8359,2.50,8360,2.80
6197,8361,200.00,8362,200.00
6198,8363,0.00,8365,0.00
6199,8366,11.00,8367,11.00
6200,8368,14.00,8369,14.00
6201,8370,7.65,8371,8.00
6202,8372,46.80,8373,46.80
6203,8374,78.90,8375,78.90
6204,8376,4.20,8377,3.90
6205,8378,5.00,8379,5.00
6206,8380,2.10,8381,2.10
6207,8382,14.00,8383,14.00
6208,8384,20.00,8385,25.00
6209,8386,0.00,8387,0.00
6210,8388,65.00,8389,65.00
6211,8390,2.70,8391,2.30
6212,8392,16.50,8393,13.80
6213,8394,1.20,8395,1.20
6214,8396,7.70,8397,7.70
6215,8398,14.00,8399,14.00
6216,8400,0.00,8402,0.00
6217,8403,39.00,8404,40.00
6218,8405,3.00,8406,3.10
6219,8407,787.00,8408,787.00
6220,8409,83.00,8410,83.00
6221,8411,20.00,8412,20.00
6222,8413,50.00,8414,50.00
6223,8415,3.00,8416,3.00
6224,8417,10.00,8419,10.00
6225,8420,4.35,8421,4.65
6226,8422,12.00,8423,12.00
6227,8424,4.15,8425,4.15
6228,8426,15.08,8427,15.08
6229,8428,3.99,8429,3.99
6230,8430,2.90,8431,2.90
6231,8432,120.00,8433,120.00
6232,8434,2.08,8435,2.08
6233,8436,19.00,8437,19.00
6234,8438,1.50,8439,1.50
6235,8440,20.00,8441,20.00
6236,8442,4.00,8443,4.00
6237,8444,10.50,8445,10.50
6238,8446,6.00,8447,6.00
6239,8448,24.50,8449,24.50
6240,8450,12.40,8451,12.40
6241,8452,0.00,8454,0.00
6242,8455,1.50,8456,1.50
6243,8457,31.50,8458,34.00
6244,8459,1.20,8460,1.20
6245,8461,4.00,8462,4.00
6246,8463,14.00,8464,14.00
6247,8465,2.15,8466,2.95
6248,8467,4.25,8468,4.25
6249,8469,4.00,8470,4.00
6250,8471,0.70,8472,0.70
6251,8473,11.20,8474,11.20
6252,8475,7.00,8476,7.00
6253,8477,6.00,8478,9.00
6254,8479,5.85,8480,5.85
6255,8481,40.00,8482,38.00
6256,8483,12.00,8484,12.00
6257,8485,15.00,8486,15.00
6258,8487,1.95,8488,1.95
6259,8489,32.50,8490,32.50
6260,8491,8.50,8492,14.90
6261,8493,3.00,8494,3.00
6262,8495,30.00,8496,30.00
6263,8497,2.00,8498,3.00
6264,8499,0.00,8500,0.00
6265,8501,33.00,8502,29.00
6266,8503,2.85,8504,2.50
6267,8505,27.00,8506,27.00
6268,8507,25.50,8508,25.50
6269,8509,4.00,8510,4.00
6270,8511,5.60,8512,3.00
6271,8513,33.00,8514,33.00
6272,8515,2.99,8516,2.99
6273,8517,43.40,8518,46.80
6274,8519,4.20,8520,4.20
6275,8521,4.65,8522,4.65
6276,8523,4.30,8524,4.50
6277,8525,17.00,8526,17.00
6278,8527,4.10,8528,4.10
6279,8529,4.00,8530,4.20
6280,8531,98.00,8532,98.00
6281,8533,1.20,8534,1.50
6282,8535,5.00,8536,6.00
6283,8537,2.50,8538,4.55
6284,8539,17.50,8540,17.50
6285,8541,25.00,8542,25.00
6286,8543,4.00,8544,4.00
6287,8545,35.00,8546,35.00
6288,8547,0.00,8548,0.00
6289,8549,0.60,8550,0.60
6290,8551,38.00,8552,38.00
6291,8553,0.00,8555,0.00
6292,8556,0.00,8557,0.00
6293,8558,5.30,8559,5.30
6294,8560,11.00,8561,11.50
6295,8562,24.50,8563,24.50
6296,8564,15.00,8565,15.00
6297,8566,0.00,8568,0.00
6298,8569,40.50,8570,53.00
6299,8571,38.00,8572,50.00
6300,8573,1.80,8574,1.80
6301,8575,12.00,8576,23.16
6302,8577,6.00,8578,6.00
6303,8579,40.00,8580,45.00
6304,8581,3.00,8583,3.00
6305,8584,6.00,8585,6.00
6306,8586,0.40,8587,0.40
6307,8588,45.00,8589,45.00
6308,8590,7.00,8591,7.00
6309,8592,3.15,8593,3.15
6310,8594,4.00,8595,4.00
6311,8596,4.00,8597,4.00
6312,8598,40.00,8599,50.00
6313,8600,200.00,8601,200.00
6314,8602,9.95,8603,9.95
6315,8604,20.00,8605,16.00
6316,8606,9.45,8607,15.25
6317,8608,5.65,8609,5.65
6318,8610,10.25,8611,10.25
6319,8612,19.50,8613,19.50
6320,8614,4.00,8615,4.00
6321,8616,0.00,8617,0.00
6322,8618,2.00,8619,2.00
6323,8620,2.05,8621,2.05
6324,8622,46.20,8623,46.20
6325,8624,2.15,8625,3.12
6326,8626,0.00,8628,0.00
6327,8629,7.50,8630,7.50
6328,8631,9.55,8632,9.55
6329,8633,0.35,8634,0.35
6330,8635,53.00,8636,40.00
6331,8637,13.00,8638,13.00
6332,8639,9.00,8640,9.00
6333,8641,3.85,8642,3.85
6334,8643,8.50,8644,17.00
6335,8645,2.60,8646,2.60
6336,8647,3.00,8648,3.00
6337,8649,400.00,8650,400.00
6338,8651,1.00,8652,1.00
6339,8653,45.95,8654,45.95
6340,8655,3.80,8656,2.35
6341,8657,5.35,8658,5.35
6342,8659,2.80,8660,3.40
6343,8661,22.00,8662,27.10
6344,8663,2.50,8664,2.50
6345,8665,9.95,8666,9.95
6346,8667,12.00,8668,12.00
6347,8669,0.00,8670,0.00
6348,8671,44.40,8672,44.40
6349,8673,25.00,8674,25.00
6350,8675,2.00,8676,2.00
6351,8677,5.99,8678,5.99
6352,8679,120.00,8680,120.00
6353,8681,11.65,8682,24.65
6354,8683,2.50,8684,2.50
6355,8685,8.95,8686,3.90
6356,8687,4.00,8689,4.00
6357,8690,0.00,8691,0.00
6358,8692,4.00,8693,4.00
6359,8694,8.50,8695,8.50
6360,8696,59.00,8697,59.00
6361,8698,37.50,8699,33.50
6362,8700,82.00,8701,75.00
6363,8702,14.90,8703,13.90
6364,8704,15.00,8705,15.00
6365,8706,13.00,8707,13.00
6366,8708,0.00,8709,0.00
6367,8710,2.30,8711,2.30
6368,8712,4.00,8713,4.00
6369,8714,19.00,8715,19.00
6370,8716,7.50,8717,7.50
6371,8718,95.00,8719,95.00
6372,8720,5.00,8721,5.00
6373,8722,3.00,8723,3.00
6374,8724,2.00,8725,2.20
6375,8726,25.00,8727,35.00
6376,8728,4.25,8729,4.25
6377,8730,10.00,8731,10.00
6378,8732,12.00,8733,12.00
6379,8734,38.60,8735,38.60
6380,8736,75.00,8737,65.00
6381,8738,4.10,8739,4.10
6382,8740,0.00,8741,0.00
6383,8742,5.50,8743,5.50
6384,8744,4.00,8745,4.00
6385,8746,8.00,8747,19.50
6386,8748,2.30,8749,2.30
6387,8750,5.20,8751,4.30
6388,8752,2.00,8753,2.60
6389,8754,3.00,8755,3.00
6390,8756,6.50,8757,6.50
6391,8758,11.00,8759,11.00
6392,8760,5.05,8761,4.35
6393,8762,12.00,8763,13.45
6394,8764,29.00,8765,31.00
6395,8766,75.00,8767,75.00
6396,8768,6.50,8769,6.50
6397,8770,90.00,8771,90.00
6398,8772,1.50,8773,3.90
6399,8774,2.90,8775,3.90
6400,8776,10.00,8777,10.00
6401,8778,12.60,8779,12.60
6402,8780,2.00,8781,2.00
6403,8782,5.00,8783,5.00
6404,8784,8.00,8785,8.00
6405,8786,4.10,8787,4.10
6406,8788,55.20,8789,55.20
6407,8790,8.00,8791,8.00
6408,8792,4.25,8793,4.25
6409,8794,13.15,8795,18.00
6410,8796,24.95,8797,24.95
6411,8798,3.50,8799,3.50
6412,8800,17.15,8801,17.15
6413,8802,3.80,8803,6.80
6414,8804,8.50,8805,8.50
6415,8806,7.00,8807,5.00
6416,8808,7.00,8809,7.00
6417,8810,4.35,8811,4.35
6418,8812,42.50,8813,42.50
6419,8814,69.00,8815,69.00
6420,8816,2.90,8817,8.70
6421,8818,2.65,8819,2.65
6422,8820,9.75,8821,5.00
6423,8822,4.00,8823,4.00
6424,8824,6.90,8825,9.90
6425,8826,8.30,8827,8.30
6426,8828,5.40,8829,5.40
6427,8830,3.50,8831,3.50
6428,8832,3.50,8833,3.50
6429,8834,0.00,8835,0.00
6430,8836,1.80,8837,2.60
6431,8838,29.30,8839,41.00
6432,8840,9.10,8841,9.10
6433,8842,5.00,8843,5.00
6434,8844,2.20,8845,2.40
6435,8846,10.00,8847,10.00
6436,8848,180.00,8849,180.00
6437,8850,22.50,8851,13.50
6438,8852,4.00,8853,4.00
6439,8854,27.50,8855,27.50
6440,8856,5.50,8857,5.50
6441,8858,3.40,8860,3.40
6442,8861,5.00,8862,5.00
6443,8863,7.00,8864,7.00
6444,8865,6.05,8866,6.05
6445,8867,9.00,8868,9.00
6446,8869,2.50,8870,2.50
6447,8871,3.75,8872,4.85
6448,8873,1.60,8874,3.10
6449,8875,35.00,8876,45.00
6450,8877,4.20,8878,4.20
6451,8879,130.00,8880,130.00
6452,8881,1.00,8882,1.00
6453,8883,36.40,8884,36.40
6454,8885,0.00,8887,0.00
6455,8888,9.40,8890,9.40
6456,8891,5.00,8892,5.00
6457,8893,4.30,8894,4.90
6458,8895,13.80,8896,13.80
6459,8897,110.00,8898,110.00
6460,8899,2.00,8900,2.00
6461,8901,7.50,8902,7.50
6462,8903,1.50,8904,1.50
6463,8905,15.50,8906,19.95
6464,8907,13.60,8908,7.50
6465,8909,102.00,8910,102.00
6466,8911,1.50,8912,1.50
6467,8913,10.00,8914,10.00
6468,8915,2.95,8916,2.95
6469,8917,62.00,8918,50.00
6470,8919,2.80,8920,2.80
6471,8921,5.00,8922,5.00
6472,8923,0.70,8924,0.70
6473,8925,1.50,8926,1.50
6474,8927,82.00,8928,69.00
6475,8929,6.90,8930,15.00
6476,8931,2.70,8932,2.70
6477,8933,10.00,8934,10.00
6478,8935,255.00,8936,255.00
6479,8937,10.00,8938,10.00
6480,8939,39.00,8940,37.00
6481,8941,38.00,8942,38.00
6482,8943,2.85,8944,2.85
6483,8945,10.00,8946,10.00
6484,8947,1.50,8948,1.50
6485,8949,2.00,8950,2.00
6486,8951,81.00,8952,85.00
6487,8953,4.00,8954,4.00
6488,8955,27.95,8956,27.95
6489,8957,2.10,8958,2.60
6490,8959,300.00,8960,300.00
6491,8961,4.20,8962,4.20
6492,8963,3.95,8964,4.20
6493,8965,9.85,8966,9.85
6494,8967,6.30,8968,6.70
6495,8969,3.75,8970,3.75
6496,8971,44.40,8972,44.40
6497,8973,30.00,8974,34.50
6498,8975,5.00,8976,5.00
6499,8977,5.20,8978,8.00
6500,8979,1.50,8980,1.50
6501,8981,55.00,8982,55.00
6502,8983,57.00,8984,57.00
6503,8985,4.60,8986,4.60
6504,8987,35.00,8988,34.00
6505,8989,4.20,8990,4.20
6506,8991,46.00,8992,25.30
6507,8993,6.00,8994,6.00
6508,8995,5.75,8996,5.75
6509,8997,5.00,8999,5.00
